PRAGMA foreign_keys=OFF;
BEGIN TRANSACTION;
CREATE TABLE IF NOT EXISTS "django_migrations" ("id" integer NOT NULL PRIMARY KEY AUTOINCREMENT, "app" varchar(255) NOT NULL, "name" varchar(255) NOT NULL, "applied" datetime NOT NULL);
INSERT INTO django_migrations VALUES(1,'contenttypes','0001_initial','2025-01-21 12:26:04.243719');
INSERT INTO django_migrations VALUES(2,'auth','0001_initial','2025-01-21 12:26:04.270121');
INSERT INTO django_migrations VALUES(3,'admin','0001_initial','2025-01-21 12:26:04.287808');
INSERT INTO django_migrations VALUES(4,'admin','0002_logentry_remove_auto_add','2025-01-21 12:26:04.306528');
INSERT INTO django_migrations VALUES(5,'admin','0003_logentry_add_action_flag_choices','2025-01-21 12:26:04.318512');
INSERT INTO django_migrations VALUES(6,'contenttypes','0002_remove_content_type_name','2025-01-21 12:26:04.378830');
INSERT INTO django_migrations VALUES(7,'auth','0002_alter_permission_name_max_length','2025-01-21 12:26:04.394535');
INSERT INTO django_migrations VALUES(8,'auth','0003_alter_user_email_max_length','2025-01-21 12:26:04.406069');
INSERT INTO django_migrations VALUES(9,'auth','0004_alter_user_username_opts','2025-01-21 12:26:04.421654');
INSERT INTO django_migrations VALUES(10,'auth','0005_alter_user_last_login_null','2025-01-21 12:26:04.436801');
INSERT INTO django_migrations VALUES(11,'auth','0006_require_contenttypes_0002','2025-01-21 12:26:04.440807');
INSERT INTO django_migrations VALUES(12,'auth','0007_alter_validators_add_error_messages','2025-01-21 12:26:04.452367');
INSERT INTO django_migrations VALUES(13,'auth','0008_alter_user_username_max_length','2025-01-21 12:26:04.469111');
INSERT INTO django_migrations VALUES(14,'auth','0009_alter_user_last_name_max_length','2025-01-21 12:26:04.487784');
INSERT INTO django_migrations VALUES(15,'auth','0010_alter_group_name_max_length','2025-01-21 12:26:04.499719');
INSERT INTO django_migrations VALUES(16,'auth','0011_update_proxy_permissions','2025-01-21 12:26:04.506224');
INSERT INTO django_migrations VALUES(17,'auth','0012_alter_user_first_name_max_length','2025-01-21 12:26:04.525458');
INSERT INTO django_migrations VALUES(18,'sessions','0001_initial','2025-01-21 12:26:04.534390');
INSERT INTO django_migrations VALUES(19,'registro','0001_initial','2025-01-21 13:43:26.143723');
INSERT INTO django_migrations VALUES(20,'registro','0002_coletafaces_created_at_alter_funcionario_cpf','2025-01-28 11:49:32.351110');
INSERT INTO django_migrations VALUES(21,'registro','0003_funcionario_datahora_alter_funcionario_foto','2025-01-28 10:46:00.111694');
INSERT INTO django_migrations VALUES(22,'registro','0004_alter_coletafaces_created_at','2025-01-28 10:46:00.119839');
INSERT INTO django_migrations VALUES(23,'registro','0005_funcionario_observacao_alter_coletafaces_created_at_and_more','2025-01-29 08:44:29.974810');
INSERT INTO django_migrations VALUES(24,'registro','0006_coletafaces_observacao','2025-01-29 08:50:20.636682');
INSERT INTO django_migrations VALUES(25,'registro','0007_remove_funcionario_foto_alter_coletafaces_observacao_and_more','2025-02-27 09:21:41.490720');
CREATE TABLE IF NOT EXISTS "auth_group_permissions" ("id" integer NOT NULL PRIMARY KEY AUTOINCREMENT, "group_id" integer NOT NULL REFERENCES "auth_group" ("id") DEFERRABLE INITIALLY DEFERRED, "permission_id" integer NOT NULL REFERENCES "auth_permission" ("id") DEFERRABLE INITIALLY DEFERRED);
CREATE TABLE IF NOT EXISTS "auth_user_groups" ("id" integer NOT NULL PRIMARY KEY AUTOINCREMENT, "user_id" integer NOT NULL REFERENCES "auth_user" ("id") DEFERRABLE INITIALLY DEFERRED, "group_id" integer NOT NULL REFERENCES "auth_group" ("id") DEFERRABLE INITIALLY DEFERRED);
CREATE TABLE IF NOT EXISTS "auth_user_user_permissions" ("id" integer NOT NULL PRIMARY KEY AUTOINCREMENT, "user_id" integer NOT NULL REFERENCES "auth_user" ("id") DEFERRABLE INITIALLY DEFERRED, "permission_id" integer NOT NULL REFERENCES "auth_permission" ("id") DEFERRABLE INITIALLY DEFERRED);
CREATE TABLE IF NOT EXISTS "django_admin_log" ("id" integer NOT NULL PRIMARY KEY AUTOINCREMENT, "object_id" text NULL, "object_repr" varchar(200) NOT NULL, "action_flag" smallint unsigned NOT NULL CHECK ("action_flag" >= 0), "change_message" text NOT NULL, "content_type_id" integer NULL REFERENCES "django_content_type" ("id") DEFERRABLE INITIALLY DEFERRED, "user_id" integer NOT NULL REFERENCES "auth_user" ("id") DEFERRABLE INITIALLY DEFERRED, "action_time" datetime NOT NULL);
INSERT INTO django_admin_log VALUES(1,'1','Classificador (frontalface)',1,'[{"added": {}}]',7,1,'2025-01-21 13:50:34.926057');
INSERT INTO django_admin_log VALUES(2,'1','Classificador (frontalface)',3,'',7,1,'2025-01-21 13:51:35.357215');
INSERT INTO django_admin_log VALUES(3,'1','Gustavo Ribeiro',3,'',9,1,'2025-01-22 11:49:54.749654');
INSERT INTO django_admin_log VALUES(4,'2','Gustavo Ribeiro',2,'[{"added": {"name": "coleta faces", "object": "ColetaFaces object (1)"}}]',9,1,'2025-01-22 11:59:43.011016');
INSERT INTO django_admin_log VALUES(5,'3','Davi',2,'[{"added": {"name": "coleta faces", "object": "ColetaFaces object (2)"}}]',9,1,'2025-01-22 14:05:31.134420');
INSERT INTO django_admin_log VALUES(6,'4','Pualo',2,'[{"added": {"name": "coleta faces", "object": "ColetaFaces object (3)"}}]',9,1,'2025-01-22 14:20:03.543391');
INSERT INTO django_admin_log VALUES(7,'3','Davi',3,'',9,1,'2025-01-22 14:20:19.916691');
INSERT INTO django_admin_log VALUES(8,'2','Gustavo Ribeiro',3,'',9,1,'2025-01-27 15:24:15.466114');
INSERT INTO django_admin_log VALUES(9,'4','Pualo',3,'',9,1,'2025-01-27 15:24:41.992289');
INSERT INTO django_admin_log VALUES(10,'10','teste um',3,'',9,1,'2025-01-27 15:52:44.363362');
INSERT INTO django_admin_log VALUES(11,'13','Gustavo',3,'',9,1,'2025-01-27 16:06:13.258729');
INSERT INTO django_admin_log VALUES(12,'12','Paulo Caixeta',3,'',9,1,'2025-01-27 16:06:13.263716');
INSERT INTO django_admin_log VALUES(13,'11','Kaua Christian',3,'',9,1,'2025-01-27 16:06:13.268701');
INSERT INTO django_admin_log VALUES(14,'9','Laura vivi',3,'',9,1,'2025-01-27 16:06:13.273699');
INSERT INTO django_admin_log VALUES(15,'14','Paulo C',3,'',9,1,'2025-01-27 16:16:26.925670');
INSERT INTO django_admin_log VALUES(16,'15','Paulo Caixeta',3,'',9,1,'2025-01-28 10:49:10.417027');
INSERT INTO django_admin_log VALUES(17,'8','teste',3,'',9,1,'2025-01-28 11:04:34.392494');
INSERT INTO django_admin_log VALUES(18,'6','Gustavo Ribeiro',2,'[{"changed": {"fields": ["Nome"]}}]',9,1,'2025-01-28 11:11:04.862506');
INSERT INTO django_admin_log VALUES(19,'6','Gustavo Ribeiro',3,'',9,1,'2025-01-28 11:19:06.924642');
INSERT INTO django_admin_log VALUES(20,'16','Gustavo Silva',3,'',9,1,'2025-01-28 11:26:28.588201');
INSERT INTO django_admin_log VALUES(21,'7','teste',3,'',9,1,'2025-01-28 11:26:28.630157');
INSERT INTO django_admin_log VALUES(22,'5','teste',3,'',9,1,'2025-01-28 11:26:28.704668');
INSERT INTO django_admin_log VALUES(23,'17','Gustavo Ribeiro',3,'',9,1,'2025-01-28 11:30:43.637791');
INSERT INTO django_admin_log VALUES(24,'18','Gustavo Ribeiro da Silva',3,'',9,1,'2025-01-28 11:35:30.764783');
INSERT INTO django_admin_log VALUES(25,'23','teste com hora novo 2',3,'',9,1,'2025-01-28 09:06:14.346512');
INSERT INTO django_admin_log VALUES(26,'22','teste com hora novo 2',3,'',9,1,'2025-01-28 09:06:14.351520');
INSERT INTO django_admin_log VALUES(27,'21','teste com hora novo',3,'',9,1,'2025-01-28 09:06:14.356541');
INSERT INTO django_admin_log VALUES(28,'20','teste com hora',3,'',9,1,'2025-01-28 09:06:14.361538');
INSERT INTO django_admin_log VALUES(29,'27','Gustavo Ribeiro',3,'',9,1,'2025-01-28 09:21:14.599007');
INSERT INTO django_admin_log VALUES(30,'28','Gustavo Ribeiro',3,'',9,1,'2025-01-28 09:29:38.332557');
INSERT INTO django_admin_log VALUES(31,'26','Gustavo Ribeiro',3,'',9,1,'2025-01-28 09:29:38.337553');
INSERT INTO django_admin_log VALUES(32,'25','teste novo',3,'',9,1,'2025-01-28 09:29:38.342549');
INSERT INTO django_admin_log VALUES(33,'30','',3,'',9,1,'2025-01-28 09:34:01.959122');
INSERT INTO django_admin_log VALUES(34,'32','',3,'',9,1,'2025-01-28 09:45:36.275488');
INSERT INTO django_admin_log VALUES(35,'34','Gustavo Ribeiro',3,'',9,1,'2025-01-28 09:47:29.561644');
INSERT INTO django_admin_log VALUES(36,'33','teste1',3,'',9,1,'2025-01-28 09:47:29.567646');
INSERT INTO django_admin_log VALUES(37,'31','teste',3,'',9,1,'2025-01-28 09:47:29.572638');
INSERT INTO django_admin_log VALUES(38,'29','Juviano Teste',3,'',9,1,'2025-01-28 09:47:29.577635');
INSERT INTO django_admin_log VALUES(39,'24','teste',3,'',9,1,'2025-01-28 09:47:29.582632');
INSERT INTO django_admin_log VALUES(40,'19','Gustavo Ribeiro',3,'',9,1,'2025-01-28 09:47:29.587631');
INSERT INTO django_admin_log VALUES(41,'37','',3,'',9,1,'2025-01-28 11:34:08.332202');
INSERT INTO django_admin_log VALUES(42,'40','rfew',3,'',9,1,'2025-01-28 12:14:05.677634');
INSERT INTO django_admin_log VALUES(43,'39','Gustavo Ribeiro',3,'',9,1,'2025-01-28 12:14:05.684630');
INSERT INTO django_admin_log VALUES(44,'38','',3,'',9,1,'2025-01-28 12:14:05.689627');
INSERT INTO django_admin_log VALUES(45,'36','Gustavo Ribeiro',3,'',9,1,'2025-01-28 12:14:05.695623');
INSERT INTO django_admin_log VALUES(46,'35','Gustavo Ribeiro',3,'',9,1,'2025-01-28 12:14:09.664508');
INSERT INTO django_admin_log VALUES(47,'42','Kaua Christian',3,'',9,1,'2025-01-28 12:22:45.356298');
INSERT INTO django_admin_log VALUES(48,'41','Gustavo Rieiro',3,'',9,1,'2025-01-28 12:22:45.362294');
INSERT INTO django_admin_log VALUES(49,'44','Davi',3,'',9,1,'2025-01-28 12:27:56.454814');
INSERT INTO django_admin_log VALUES(50,'46','Marilia',3,'',9,1,'2025-01-28 12:33:42.726519');
INSERT INTO django_admin_log VALUES(51,'45','Davi',3,'',9,1,'2025-01-28 12:33:42.732515');
INSERT INTO django_admin_log VALUES(52,'43','Gustavo',3,'',9,1,'2025-01-28 12:33:42.737512');
INSERT INTO django_admin_log VALUES(53,'48','KC',3,'',9,1,'2025-01-29 07:54:33.278117');
INSERT INTO django_admin_log VALUES(54,'50','Gustavo Ribeiro',3,'',9,1,'2025-01-29 09:16:06.488671');
INSERT INTO django_admin_log VALUES(55,'49','',3,'',9,1,'2025-01-29 10:16:37.332953');
INSERT INTO django_admin_log VALUES(56,'47','',3,'',9,1,'2025-01-29 10:16:37.339098');
INSERT INTO django_admin_log VALUES(57,'61','Gustavo Yuriasdas',2,'[{"changed": {"fields": ["Nome", "Observacao"]}}]',9,1,'2025-01-31 11:25:45.248538');
INSERT INTO django_admin_log VALUES(58,'61','Gustavo Yuriasdas',3,'',9,1,'2025-01-31 11:25:56.105931');
INSERT INTO django_admin_log VALUES(59,'62','Eduardo',2,'[{"changed": {"fields": ["Cpf"]}}]',9,1,'2025-01-31 12:05:53.164629');
INSERT INTO django_admin_log VALUES(60,'63','Gustavo Ribeiro da Silva Said',3,'',9,1,'2025-01-31 12:07:23.916478');
INSERT INTO django_admin_log VALUES(61,'71','teste',3,'',9,1,'2025-02-05 07:44:08.914172');
INSERT INTO django_admin_log VALUES(62,'67','Teste sem foto',3,'',9,1,'2025-02-05 07:48:40.521454');
INSERT INTO django_admin_log VALUES(63,'65','Luis Henrique',3,'',9,1,'2025-02-05 07:48:53.562098');
INSERT INTO django_admin_log VALUES(64,'74','terwerwe',2,'[{"deleted": {"name": "coleta faces", "object": "Coleta de terwerwe em 05/02/2025 12:55:44"}}]',9,1,'2025-02-06 07:50:59.950516');
INSERT INTO django_admin_log VALUES(65,'53','Paulo Caixeta',3,'',9,1,'2025-02-06 12:33:45.068978');
INSERT INTO django_admin_log VALUES(66,'51','Gustavo Ribeiro',3,'',9,1,'2025-02-06 12:33:57.403664');
INSERT INTO django_admin_log VALUES(67,'52','Kaua Christian',3,'',9,1,'2025-02-06 12:34:17.966851');
INSERT INTO django_admin_log VALUES(68,'59','Vinicius Teste',3,'',9,1,'2025-02-06 12:34:27.413271');
INSERT INTO django_admin_log VALUES(69,'58','Marilia',3,'',9,1,'2025-02-06 12:34:27.420286');
INSERT INTO django_admin_log VALUES(70,'56','Adriana Diniz',3,'',9,1,'2025-02-06 12:34:27.424265');
INSERT INTO django_admin_log VALUES(71,'55','Davi',3,'',9,1,'2025-02-06 12:34:27.429262');
INSERT INTO django_admin_log VALUES(72,'64','Gustavo Ribeiro da Silva Said',3,'',9,1,'2025-02-06 12:35:59.402404');
INSERT INTO django_admin_log VALUES(73,'66','Luis Henrique',3,'',9,1,'2025-02-06 13:05:14.669702');
INSERT INTO django_admin_log VALUES(74,'78','Gustavo Ribeiro',3,'',9,1,'2025-02-12 09:02:49.032645');
INSERT INTO django_admin_log VALUES(75,'80','Gustavo Ribeiro',3,'',9,1,'2025-02-14 11:09:53.598325');
INSERT INTO django_admin_log VALUES(76,'81','',3,'',9,1,'2025-02-14 11:11:14.826063');
INSERT INTO django_admin_log VALUES(77,'82','teste',3,'',9,1,'2025-02-14 11:11:38.666444');
INSERT INTO django_admin_log VALUES(78,'83','testand',3,'',9,1,'2025-02-14 11:34:55.333744');
INSERT INTO django_admin_log VALUES(79,'84','teste',2,'[{"deleted": {"name": "coleta faces", "object": "Coleta de teste em 14/02/2025 12:02:00 "}}]',9,1,'2025-02-14 12:03:15.462975');
INSERT INTO django_admin_log VALUES(80,'84','teste',3,'',9,1,'2025-02-20 08:30:32.831343');
INSERT INTO django_admin_log VALUES(81,'79','Luís Henrique Gonçalves',3,'',9,1,'2025-02-20 08:30:32.837538');
INSERT INTO django_admin_log VALUES(82,'77','Paulo Cesar Caixeta',3,'',9,1,'2025-02-20 08:30:32.843630');
INSERT INTO django_admin_log VALUES(83,'76','Adriana Silva',3,'',9,1,'2025-02-20 08:30:32.850662');
INSERT INTO django_admin_log VALUES(84,'75','qwe',3,'',9,1,'2025-02-20 08:30:32.855356');
INSERT INTO django_admin_log VALUES(85,'74','terwerwe',3,'',9,1,'2025-02-20 08:30:32.860352');
INSERT INTO django_admin_log VALUES(86,'73','teste',3,'',9,1,'2025-02-20 08:30:32.864766');
INSERT INTO django_admin_log VALUES(87,'72','Ronaldo Campos',3,'',9,1,'2025-02-20 08:30:32.869763');
INSERT INTO django_admin_log VALUES(88,'70','Julia rodrigues',3,'',9,1,'2025-02-20 08:30:32.875544');
INSERT INTO django_admin_log VALUES(89,'69','joao vitor',3,'',9,1,'2025-02-20 08:30:32.880064');
INSERT INTO django_admin_log VALUES(90,'68','Teste sem foto',3,'',9,1,'2025-02-20 08:30:32.889074');
INSERT INTO django_admin_log VALUES(91,'62','Eduardo',3,'',9,1,'2025-02-20 08:30:32.893580');
INSERT INTO django_admin_log VALUES(92,'60','José Otavio',3,'',9,1,'2025-02-20 08:30:32.897085');
INSERT INTO django_admin_log VALUES(93,'57','Rogerio',3,'',9,1,'2025-02-20 08:30:32.902588');
INSERT INTO django_admin_log VALUES(94,'54','Laura Vitoria',3,'',9,1,'2025-02-20 08:30:32.907097');
INSERT INTO django_admin_log VALUES(95,'85','Gustavo Ribeiro',3,'',9,1,'2025-02-20 09:19:42.670261');
INSERT INTO django_admin_log VALUES(96,'87','Gustavo Ribeiro',3,'',9,1,'2025-02-26 09:07:43.851376');
CREATE TABLE IF NOT EXISTS "django_content_type" ("id" integer NOT NULL PRIMARY KEY AUTOINCREMENT, "app_label" varchar(100) NOT NULL, "model" varchar(100) NOT NULL);
INSERT INTO django_content_type VALUES(1,'admin','logentry');
INSERT INTO django_content_type VALUES(2,'auth','permission');
INSERT INTO django_content_type VALUES(3,'auth','group');
INSERT INTO django_content_type VALUES(4,'auth','user');
INSERT INTO django_content_type VALUES(5,'contenttypes','contenttype');
INSERT INTO django_content_type VALUES(6,'sessions','session');
INSERT INTO django_content_type VALUES(7,'registro','treinamento');
INSERT INTO django_content_type VALUES(8,'registro','coletafaces');
INSERT INTO django_content_type VALUES(9,'registro','funcionario');
CREATE TABLE IF NOT EXISTS "auth_permission" ("id" integer NOT NULL PRIMARY KEY AUTOINCREMENT, "content_type_id" integer NOT NULL REFERENCES "django_content_type" ("id") DEFERRABLE INITIALLY DEFERRED, "codename" varchar(100) NOT NULL, "name" varchar(255) NOT NULL);
INSERT INTO auth_permission VALUES(1,1,'add_logentry','Can add log entry');
INSERT INTO auth_permission VALUES(2,1,'change_logentry','Can change log entry');
INSERT INTO auth_permission VALUES(3,1,'delete_logentry','Can delete log entry');
INSERT INTO auth_permission VALUES(4,1,'view_logentry','Can view log entry');
INSERT INTO auth_permission VALUES(5,2,'add_permission','Can add permission');
INSERT INTO auth_permission VALUES(6,2,'change_permission','Can change permission');
INSERT INTO auth_permission VALUES(7,2,'delete_permission','Can delete permission');
INSERT INTO auth_permission VALUES(8,2,'view_permission','Can view permission');
INSERT INTO auth_permission VALUES(9,3,'add_group','Can add group');
INSERT INTO auth_permission VALUES(10,3,'change_group','Can change group');
INSERT INTO auth_permission VALUES(11,3,'delete_group','Can delete group');
INSERT INTO auth_permission VALUES(12,3,'view_group','Can view group');
INSERT INTO auth_permission VALUES(13,4,'add_user','Can add user');
INSERT INTO auth_permission VALUES(14,4,'change_user','Can change user');
INSERT INTO auth_permission VALUES(15,4,'delete_user','Can delete user');
INSERT INTO auth_permission VALUES(16,4,'view_user','Can view user');
INSERT INTO auth_permission VALUES(17,5,'add_contenttype','Can add content type');
INSERT INTO auth_permission VALUES(18,5,'change_contenttype','Can change content type');
INSERT INTO auth_permission VALUES(19,5,'delete_contenttype','Can delete content type');
INSERT INTO auth_permission VALUES(20,5,'view_contenttype','Can view content type');
INSERT INTO auth_permission VALUES(21,6,'add_session','Can add session');
INSERT INTO auth_permission VALUES(22,6,'change_session','Can change session');
INSERT INTO auth_permission VALUES(23,6,'delete_session','Can delete session');
INSERT INTO auth_permission VALUES(24,6,'view_session','Can view session');
INSERT INTO auth_permission VALUES(25,7,'add_treinamento','Can add Treinamento');
INSERT INTO auth_permission VALUES(26,7,'change_treinamento','Can change Treinamento');
INSERT INTO auth_permission VALUES(27,7,'delete_treinamento','Can delete Treinamento');
INSERT INTO auth_permission VALUES(28,7,'view_treinamento','Can view Treinamento');
INSERT INTO auth_permission VALUES(29,8,'add_coletafaces','Can add coleta faces');
INSERT INTO auth_permission VALUES(30,8,'change_coletafaces','Can change coleta faces');
INSERT INTO auth_permission VALUES(31,8,'delete_coletafaces','Can delete coleta faces');
INSERT INTO auth_permission VALUES(32,8,'view_coletafaces','Can view coleta faces');
INSERT INTO auth_permission VALUES(33,9,'add_funcionario','Can add funcionario');
INSERT INTO auth_permission VALUES(34,9,'change_funcionario','Can change funcionario');
INSERT INTO auth_permission VALUES(35,9,'delete_funcionario','Can delete funcionario');
INSERT INTO auth_permission VALUES(36,9,'view_funcionario','Can view funcionario');
CREATE TABLE IF NOT EXISTS "auth_group" ("id" integer NOT NULL PRIMARY KEY AUTOINCREMENT, "name" varchar(150) NOT NULL UNIQUE);
CREATE TABLE IF NOT EXISTS "auth_user" ("id" integer NOT NULL PRIMARY KEY AUTOINCREMENT, "password" varchar(128) NOT NULL, "last_login" datetime NULL, "is_superuser" bool NOT NULL, "username" varchar(150) NOT NULL UNIQUE, "last_name" varchar(150) NOT NULL, "email" varchar(254) NOT NULL, "is_staff" bool NOT NULL, "is_active" bool NOT NULL, "date_joined" datetime NOT NULL, "first_name" varchar(150) NOT NULL);
INSERT INTO auth_user VALUES(1,'pbkdf2_sha256$600000$KEm4fTaIZiCL4RYokgdl4Q$cMCvWXX2aChdFS+Sgno/9ZydP2LYLags83xGWRsaMDU=','2025-02-24 11:59:18.685847',1,'gustavo','','guguribeiro25@gmail.com',1,1,'2025-01-21 13:46:27.829526','');
CREATE TABLE IF NOT EXISTS "django_session" ("session_key" varchar(40) NOT NULL PRIMARY KEY, "session_data" text NOT NULL, "expire_date" datetime NOT NULL);
INSERT INTO django_session VALUES('j2mgsli9pbu95ut2pkrfw377i63c3437','.eJxVjEEOwiAQRe_C2hAoFKYu3XsGwjCDVA0kpV0Z765NutDtf-_9lwhxW0vYOi9hJnEWWpx-N4zpwXUHdI_11mRqdV1mlLsiD9rltRE_L4f7d1BiL98aneKc0zh45x0Z1glQuaw00RTVgCbBZDXzSApsBgYEtA6jTQaM8lq8P_RBOAM:1taEaf:B1baGkEqJoD7VSIo-qI3J9QhRrpfqdsqfS5PyNvFdmA','2025-02-04 13:46:49.515206');
INSERT INTO django_session VALUES('sij8arf4z287pvaub5l541ci3y0w65j7','.eJxVjMsOwiAQRf-FtSGU4VFcuvcbyMAMUjU0Ke3K-O_apAvd3nPOfYmI21rj1nmJE4mzGMTpd0uYH9x2QHdst1nmua3LlOSuyIN2eZ2Jn5fD_Tuo2Ou3TsYDMYMDR5woaI-AAdioNBRvNCgKRZeCY1BeZe9ssNoQWutIjyaL9wfrAjeu:1tfJPZ:P2dzJX7ITgLzVr09qBdSBv4fX_SBk8Rx5_3cCEbkFzs','2025-02-18 10:56:21.499828');
INSERT INTO django_session VALUES('lotzqk9bt06gwsfqjc05ni11jisvzo0k','.eJxVjDsOwjAQBe_iGln-7campOcM0a4d4wCypTipEHeHSCmgfTPzXmKkbS3j1qdlnJM4Cy1OvxtTfEx1B-lO9dZkbHVdZpa7Ig_a5bWl6Xk53L-DQr18a2s9cGIKwBlyBKtBDc6ogNE7NsahB0IcLGqFHE0gIq_QOWUog0bx_gDCuDal:1tl4l2:EcL8IaE0BFJP3MvjIVVuoKL6U7dZ3hLU9aeWlCtP6LA','2025-03-06 08:30:20.066239');
INSERT INTO django_session VALUES('uzbxc2i2333zm2tfy3unpo24pqhd1af3','.eJxVjDsOwjAQBe_iGln-7campOcM0a4d4wCypTipEHeHSCmgfTPzXmKkbS3j1qdlnJM4Cy1OvxtTfEx1B-lO9dZkbHVdZpa7Ig_a5bWl6Xk53L-DQr18a2s9cGIKwBlyBKtBDc6ogNE7NsahB0IcLGqFHE0gIq_QOWUog0bx_gDCuDal:1tmZvS:2W5hwdYDVZbGOrthLxrWBPKQkCsTKeOn3OsIfdarC-g','2025-03-10 11:59:18.691825');
CREATE TABLE IF NOT EXISTS "registro_treinamento" ("id" integer NOT NULL PRIMARY KEY AUTOINCREMENT, "modelo" varchar(100) NOT NULL);
INSERT INTO registro_treinamento VALUES(2,'treinamento/classificadorEigen_TZc8egC.yml');
CREATE TABLE IF NOT EXISTS "registro_funcionario" ("id" integer NOT NULL PRIMARY KEY AUTOINCREMENT, "slug" varchar(200) NOT NULL UNIQUE, "cpf" varchar(11) NOT NULL UNIQUE, "dataHora" datetime NOT NULL, "observacao" varchar(50) NOT NULL, "nome" varchar(50) NOT NULL);
INSERT INTO registro_funcionario VALUES(86,'davi-ferreira-e-peixoto_func75495339','02015521674','2025-02-20 08:34:26.520740','presidência','Davi Ferreira e Peixoto');
INSERT INTO registro_funcionario VALUES(88,'gustavo-ribeiro_func35789564','11265089698','2025-02-26 09:09:34.008450','testando conhecimento','Gustavo Ribeiro');
CREATE TABLE IF NOT EXISTS "registro_coletafaces" ("id" integer NOT NULL PRIMARY KEY AUTOINCREMENT, "image" varchar(100) NOT NULL, "funcionario_id" bigint NOT NULL REFERENCES "registro_funcionario" ("id") DEFERRABLE INITIALLY DEFERRED, "created_at" datetime NOT NULL, "observacao" varchar(50) NULL);
INSERT INTO registro_coletafaces VALUES(237,'roi/davi-ferreira-e-peixoto_func75495339_1.jpg',86,'2025-02-20 08:34:39.121436','presidência');
INSERT INTO registro_coletafaces VALUES(275,'roi/gustavo-ribeiro_func53459016_1.jpg',88,'2025-02-26 09:55:16.123243','testando conhecimento');
INSERT INTO registro_coletafaces VALUES(276,'roi/gustavo-ribeiro_func75394124_1.jpg',88,'2025-02-26 10:00:07.544617','testando conhecimento');
INSERT INTO registro_coletafaces VALUES(277,'roi/gustavo-ribeiro_func29854871_1.jpg',88,'2025-02-26 12:01:44.686999','testando conhecimento');
INSERT INTO registro_coletafaces VALUES(278,'roi/gustavo-ribeiro_func19905654_1.jpg',88,'2025-02-26 12:09:20.006504','testando conhecimento');
INSERT INTO registro_coletafaces VALUES(279,'roi/gustavo-ribeiro_func55887761_1.jpg',88,'2025-02-26 12:24:03.382206','testando conhecimento');
INSERT INTO registro_coletafaces VALUES(280,'roi/gustavo-ribeiro_func77993582_1.jpg',88,'2025-02-26 12:24:15.498174','testando conhecimento');
INSERT INTO registro_coletafaces VALUES(281,'roi/gustavo-ribeiro_func50005395_1.jpg',88,'2025-02-27 09:23:07.713768','testando conhecimento');
INSERT INTO registro_coletafaces VALUES(282,'roi/gustavo-ribeiro_func56598480_1.jpg',88,'2025-02-28 09:54:41.834599','testando conhecimento');
INSERT INTO registro_coletafaces VALUES(283,'roi/gustavo-ribeiro_func20026399_1.jpg',88,'2025-02-28 10:00:21.082946','testando conhecimento');
INSERT INTO registro_coletafaces VALUES(284,'roi/gustavo-ribeiro_func82883246_1.jpg',88,'2025-02-28 10:08:24.791968','testando conhecimento');
INSERT INTO registro_coletafaces VALUES(285,'roi/funcionario_88_11.jpg',88,'2025-02-28 10:28:46.638110','testando conhecimento');
INSERT INTO registro_coletafaces VALUES(286,'roi/funcionario_88_12.jpg',88,'2025-02-28 10:28:58.680690','testando conhecimento');
INSERT INTO registro_coletafaces VALUES(287,'roi/gustavo-ribeiro_func37647209_1.jpg',88,'2025-02-28 10:29:31.504477','testando conhecimento');
INSERT INTO registro_coletafaces VALUES(288,'roi/gustavo-ribeiro_func13919422_1.jpg',88,'2025-02-28 10:57:05.495280','testando conhecimento');
INSERT INTO registro_coletafaces VALUES(289,'roi/gustavo-ribeiro_func63590708_1.jpg',88,'2025-02-28 11:24:47.477857','testando conhecimento');
INSERT INTO registro_coletafaces VALUES(290,'faces/gustavo-ribeiro_func63590708_17.jpg',88,'2025-02-28 11:40:45.258672',NULL);
INSERT INTO registro_coletafaces VALUES(291,'faces/gustavo-ribeiro_func63590708_18.jpg',88,'2025-02-28 11:48:47.558845',NULL);
INSERT INTO registro_coletafaces VALUES(292,'faces/gustavo-ribeiro_func35789564_1.jpg',88,'2025-02-28 11:53:25.686645','testando conhecimento');
INSERT INTO registro_coletafaces VALUES(293,'faces/gustavo-ribeiro_func35789564_20.jpg',88,'2025-02-28 11:53:35.468525',NULL);
INSERT INTO registro_coletafaces VALUES(294,'faces/gustavo-ribeiro_func35789564_21.jpg',88,'2025-02-28 11:54:59.142639',NULL);
INSERT INTO registro_coletafaces VALUES(295,'faces/gustavo-ribeiro_func35789564_22.jpg',88,'2025-02-28 11:56:43.589244',NULL);
INSERT INTO registro_coletafaces VALUES(296,'faces/gustavo-ribeiro_func35789564_23.jpg',88,'2025-02-28 12:17:22.507195',NULL);
INSERT INTO sqlite_sequence VALUES('django_migrations',25);
INSERT INTO sqlite_sequence VALUES('django_admin_log',96);
INSERT INTO sqlite_sequence VALUES('django_content_type',9);
INSERT INTO sqlite_sequence VALUES('auth_permission',36);
INSERT INTO sqlite_sequence VALUES('auth_group',0);
INSERT INTO sqlite_sequence VALUES('auth_user',1);
INSERT INTO sqlite_sequence VALUES('registro_treinamento',2);
INSERT INTO sqlite_sequence VALUES('registro_funcionario',88);
INSERT INTO sqlite_sequence VALUES('registro_coletafaces',296);
CREATE UNIQUE INDEX "auth_group_permissions_group_id_permission_id_0cd325b0_uniq" ON "auth_group_permissions" ("group_id", "permission_id");
CREATE INDEX "auth_group_permissions_group_id_b120cbf9" ON "auth_group_permissions" ("group_id");
CREATE INDEX "auth_group_permissions_permission_id_84c5c92e" ON "auth_group_permissions" ("permission_id");
CREATE UNIQUE INDEX "auth_user_groups_user_id_group_id_94350c0c_uniq" ON "auth_user_groups" ("user_id", "group_id");
CREATE INDEX "auth_user_groups_user_id_6a12ed8b" ON "auth_user_groups" ("user_id");
CREATE INDEX "auth_user_groups_group_id_97559544" ON "auth_user_groups" ("group_id");
CREATE UNIQUE INDEX "auth_user_user_permissions_user_id_permission_id_14a6b632_uniq" ON "auth_user_user_permissions" ("user_id", "permission_id");
CREATE INDEX "auth_user_user_permissions_user_id_a95ead1b" ON "auth_user_user_permissions" ("user_id");
CREATE INDEX "auth_user_user_permissions_permission_id_1fbb5f2c" ON "auth_user_user_permissions" ("permission_id");
CREATE INDEX "django_admin_log_content_type_id_c4bce8eb" ON "django_admin_log" ("content_type_id");
CREATE INDEX "django_admin_log_user_id_c564eba6" ON "django_admin_log" ("user_id");
CREATE UNIQUE INDEX "django_content_type_app_label_model_76bd3d3b_uniq" ON "django_content_type" ("app_label", "model");
CREATE UNIQUE INDEX "auth_permission_content_type_id_codename_01ab375a_uniq" ON "auth_permission" ("content_type_id", "codename");
CREATE INDEX "auth_permission_content_type_id_2f476e4b" ON "auth_permission" ("content_type_id");
CREATE INDEX "django_session_expire_date_a5c62663" ON "django_session" ("expire_date");
CREATE INDEX "registro_coletafaces_funcionario_id_e53f570d" ON "registro_coletafaces" ("funcionario_id");
COMMIT;
